feature,label,band,p25,median,p75,mean,n
word_count,词数,6.0,259,282,309,290.061,165
word_count,词数,6.5,259.25,278.5,307.75,290,170
word_count,词数,7.0,271.75,294.5,321.25,300.643,168
word_count,词数,7.5,275,290,312,296.896,173
word_count,词数,8.0,280,298,325,305.533,169
word_count,词数,8.5,273,299,328,306.214,173
word_count,词数,9.0,289.0,312.0,338.25,315.327,168
paragraph_count,段数,6.0,4,4,4,4.158,165
paragraph_count,段数,6.5,4.0,4.0,4.0,4.212,170
paragraph_count,段数,7.0,4.0,4.0,4.0,4.208,168
paragraph_count,段数,7.5,4,4,4,4.15,173
paragraph_count,段数,8.0,4,4,4,4.231,169
paragraph_count,段数,8.5,4,4,4,4.023,173
paragraph_count,段数,9.0,4.0,4.0,4.0,4.095,168
avg_sentence_length,平均句长（词）,6.0,17.167,19.643,22.571,19.667,165
avg_sentence_length,平均句长（词）,6.5,18.06,19.333,21.808,20.302,170
avg_sentence_length,平均句长（词）,7.0,18.213,20.031,22.32,20.509,168
avg_sentence_length,平均句长（词）,7.5,18.533,20.214,22.077,20.437,173
avg_sentence_length,平均句长（词）,8.0,19.357,20.846,23.636,21.401,169
avg_sentence_length,平均句长（词）,8.5,18.929,21.071,23.538,21.917,173
avg_sentence_length,平均句长（词）,9.0,20.044,22.167,24.05,22.257,168
sentence_len_sd,句长标准差,6.0,5.019,6.062,7.771,6.6,165
sentence_len_sd,句长标准差,6.5,5.468,6.592,8.214,7.27,170
sentence_len_sd,句长标准差,7.0,5.008,6.035,7.59,6.779,168
sentence_len_sd,句长标准差,7.5,5.496,6.705,8.696,7.08,173
sentence_len_sd,句长标准差,8.0,5.403,6.282,7.969,6.689,169
sentence_len_sd,句长标准差,8.5,5.718,7.062,8.679,7.753,173
sentence_len_sd,句长标准差,9.0,6.457,7.596,9.953,8.318,168
long_sentence_ratio,长句(>25词)占比,6.0,0.062,0.176,0.333,0.213,165
long_sentence_ratio,长句(>25词)占比,6.5,0.077,0.188,0.308,0.208,170
long_sentence_ratio,长句(>25词)占比,7.0,0.1,0.188,0.308,0.219,168
long_sentence_ratio,长句(>25词)占比,7.5,0.118,0.214,0.364,0.241,173
long_sentence_ratio,长句(>25词)占比,8.0,0.133,0.235,0.357,0.261,169
long_sentence_ratio,长句(>25词)占比,8.5,0.133,0.25,0.385,0.272,173
long_sentence_ratio,长句(>25词)占比,9.0,0.222,0.312,0.429,0.329,168
simple_ratio,简单句占比*,6.0,0.316,0.45,0.583,0.456,165
simple_ratio,简单句占比*,6.5,0.286,0.385,0.47,0.389,170
simple_ratio,简单句占比*,7.0,0.308,0.429,0.533,0.424,168
simple_ratio,简单句占比*,7.5,0.263,0.375,0.5,0.39,173
simple_ratio,简单句占比*,8.0,0.308,0.412,0.533,0.416,169
simple_ratio,简单句占比*,8.5,0.333,0.444,0.571,0.439,173
simple_ratio,简单句占比*,9.0,0.227,0.333,0.462,0.353,168
compound_ratio,并列句占比*,6.0,0.0,0.077,0.133,0.091,165
compound_ratio,并列句占比*,6.5,0.067,0.143,0.237,0.158,170
compound_ratio,并列句占比*,7.0,0.0,0.071,0.155,0.099,168
compound_ratio,并列句占比*,7.5,0.062,0.105,0.174,0.123,173
compound_ratio,并列句占比*,8.0,0.062,0.083,0.182,0.114,169
compound_ratio,并列句占比*,8.5,0.0,0.077,0.154,0.098,173
compound_ratio,并列句占比*,9.0,0.066,0.083,0.154,0.113,168
complex_ratio,复杂句占比*,6.0,0.333,0.438,0.583,0.454,165
complex_ratio,复杂句占比*,6.5,0.333,0.467,0.554,0.454,170
complex_ratio,复杂句占比*,7.0,0.353,0.467,0.6,0.476,168
complex_ratio,复杂句占比*,7.5,0.368,0.5,0.615,0.487,173
complex_ratio,复杂句占比*,8.0,0.333,0.467,0.571,0.47,169
complex_ratio,复杂句占比*,8.5,0.353,0.462,0.571,0.463,173
complex_ratio,复杂句占比*,9.0,0.42,0.559,0.667,0.533,168
subordinate_density,从属结构密度(/100词),6.0,2.098,2.882,3.861,2.985,165
subordinate_density,从属结构密度(/100词),6.5,2.237,2.963,3.661,2.995,170
subordinate_density,从属结构密度(/100词),7.0,2.379,3.115,3.85,3.115,168
subordinate_density,从属结构密度(/100词),7.5,2.373,3.257,4.023,3.211,173
subordinate_density,从属结构密度(/100词),8.0,2.147,2.857,3.741,2.957,169
subordinate_density,从属结构密度(/100词),8.5,2.034,2.703,3.396,2.763,173
subordinate_density,从属结构密度(/100词),9.0,2.405,3.428,4.157,3.312,168
connector_density,显性连接词密度(/100词),6.0,3.089,3.822,4.577,3.821,165
connector_density,显性连接词密度(/100词),6.5,3.4,4.103,4.924,4.16,170
connector_density,显性连接词密度(/100词),7.0,2.755,3.655,4.367,3.533,168
connector_density,显性连接词密度(/100词),7.5,2.041,3.136,3.922,3.057,173
connector_density,显性连接词密度(/100词),8.0,2.098,2.866,3.503,2.834,169
connector_density,显性连接词密度(/100词),8.5,2.703,3.409,3.963,3.411,173
connector_density,显性连接词密度(/100词),9.0,1.634,2.547,3.279,2.491,168
connector_variety,连接词种类数,6.0,4,5,5,4.727,165
connector_variety,连接词种类数,6.5,4.0,5.0,5.0,4.9,170
connector_variety,连接词种类数,7.0,4.0,5.0,5.0,4.613,168
connector_variety,连接词种类数,7.5,4,5,5,4.26,173
connector_variety,连接词种类数,8.0,4,5,5,4.456,169
connector_variety,连接词种类数,8.5,5,5,5,4.96,173
connector_variety,连接词种类数,9.0,3.0,4.0,5.0,3.952,168
mechanical_connector_density,机械连接词密度(/100词),6.0,0.488,0.965,1.449,1.009,165
mechanical_connector_density,机械连接词密度(/100词),6.5,0.719,1.154,1.538,1.197,170
mechanical_connector_density,机械连接词密度(/100词),7.0,0.511,0.769,1.247,0.895,168
mechanical_connector_density,机械连接词密度(/100词),7.5,0.0,0.68,1.119,0.711,173
mechanical_connector_density,机械连接词密度(/100词),8.0,0.357,0.669,0.984,0.708,169
mechanical_connector_density,机械连接词密度(/100词),8.5,0.637,0.86,1.22,0.953,173
mechanical_connector_density,机械连接词密度(/100词),9.0,0.0,0.381,0.896,0.527,168
reference_density,指代词密度(/100词),6.0,5.145,6.383,8.479,6.872,165
reference_density,指代词密度(/100词),6.5,5.582,6.667,8.204,6.936,170
reference_density,指代词密度(/100词),7.0,5.053,6.129,7.542,6.355,168
reference_density,指代词密度(/100词),7.5,4.483,5.714,6.885,5.839,173
reference_density,指代词密度(/100词),8.0,4.651,5.914,7.143,6.071,169
reference_density,指代词密度(/100词),8.5,4.962,6.25,7.836,6.533,173
reference_density,指代词密度(/100词),9.0,5.318,6.312,7.671,6.447,168
reference_chain_max,最长指代链（句）,6.0,3,5,7,5.879,165
reference_chain_max,最长指代链（句）,6.5,4.0,5.0,7.0,6.2,170
reference_chain_max,最长指代链（句）,7.0,4.0,5.0,7.0,5.571,168
reference_chain_max,最长指代链（句）,7.5,3,4,6,5.017,173
reference_chain_max,最长指代链（句）,8.0,4,5,7,5.905,169
reference_chain_max,最长指代链（句）,8.5,4,5,7,5.844,173
reference_chain_max,最长指代链（句）,9.0,4.0,6.0,8.0,6.149,168
ttr250,前250词类符形符比,6.0,0.668,0.719,0.772,0.719,165
ttr250,前250词类符形符比,6.5,0.665,0.715,0.758,0.711,170
ttr250,前250词类符形符比,7.0,0.693,0.745,0.794,0.746,168
ttr250,前250词类符形符比,7.5,0.728,0.795,0.851,0.785,173
ttr250,前250词类符形符比,8.0,0.744,0.78,0.808,0.776,169
ttr250,前250词类符形符比,8.5,0.772,0.831,0.866,0.818,173
ttr250,前250词类符形符比,9.0,0.75,0.811,0.867,0.802,168
long_word_ratio,长词(>=7字母)占比,6.0,0.263,0.305,0.344,0.308,165
long_word_ratio,长词(>=7字母)占比,6.5,0.223,0.279,0.339,0.286,170
long_word_ratio,长词(>=7字母)占比,7.0,0.288,0.336,0.387,0.339,168
long_word_ratio,长词(>=7字母)占比,7.5,0.288,0.338,0.412,0.35,173
long_word_ratio,长词(>=7字母)占比,8.0,0.29,0.337,0.394,0.345,169
long_word_ratio,长词(>=7字母)占比,8.5,0.274,0.318,0.358,0.32,173
long_word_ratio,长词(>=7字母)占比,9.0,0.26,0.286,0.335,0.301,168
awl_ratio,学术词表命中率,6.0,0.047,0.066,0.083,0.065,165
awl_ratio,学术词表命中率,6.5,0.034,0.058,0.076,0.057,170
awl_ratio,学术词表命中率,7.0,0.053,0.07,0.09,0.07,168
awl_ratio,学术词表命中率,7.5,0.053,0.065,0.086,0.069,173
awl_ratio,学术词表命中率,8.0,0.054,0.071,0.092,0.073,169
awl_ratio,学术词表命中率,8.5,0.06,0.074,0.093,0.077,173
awl_ratio,学术词表命中率,9.0,0.043,0.06,0.084,0.064,168
rare_token_ratio,语料级罕见词占比,6.0,0.007,0.014,0.024,0.018,165
rare_token_ratio,语料级罕见词占比,6.5,0.003,0.008,0.018,0.012,170
rare_token_ratio,语料级罕见词占比,7.0,0.005,0.011,0.023,0.017,168
rare_token_ratio,语料级罕见词占比,7.5,0.009,0.019,0.033,0.022,173
rare_token_ratio,语料级罕见词占比,8.0,0.01,0.02,0.032,0.023,169
rare_token_ratio,语料级罕见词占比,8.5,0.017,0.024,0.038,0.028,173
rare_token_ratio,语料级罕见词占比,9.0,0.017,0.028,0.045,0.033,168
question_keyword_coverage,题干关键词字面覆盖率,6.0,0.471,0.591,0.739,0.602,165
question_keyword_coverage,题干关键词字面覆盖率,6.5,0.527,0.643,0.759,0.637,170
question_keyword_coverage,题干关键词字面覆盖率,7.0,0.461,0.604,0.722,0.587,168
question_keyword_coverage,题干关键词字面覆盖率,7.5,0.5,0.611,0.719,0.61,173
question_keyword_coverage,题干关键词字面覆盖率,8.0,0.48,0.6,0.714,0.598,169
question_keyword_coverage,题干关键词字面覆盖率,8.5,0.438,0.562,0.667,0.557,173
question_keyword_coverage,题干关键词字面覆盖率,9.0,0.429,0.556,0.667,0.556,168
mechanism_hits,机制解释标记数,6.0,2,3,5,3.485,165
mechanism_hits,机制解释标记数,6.5,2.0,3.0,5.0,3.759,170
mechanism_hits,机制解释标记数,7.0,2.0,3.0,5.0,3.56,168
mechanism_hits,机制解释标记数,7.5,1,3,4,2.873,173
mechanism_hits,机制解释标记数,8.0,1,2,3,2.414,169
mechanism_hits,机制解释标记数,8.5,1,3,4,3.017,173
mechanism_hits,机制解释标记数,9.0,1.0,2.0,4.0,2.589,168
example_hits,例证标记数,6.0,1,2,3,2.521,165
example_hits,例证标记数,6.5,1.0,2.0,3.0,2.135,170
example_hits,例证标记数,7.0,1.0,2.0,3.0,2.19,168
example_hits,例证标记数,7.5,0,2,3,1.809,173
example_hits,例证标记数,8.0,1,2,3,1.899,169
example_hits,例证标记数,8.5,2,2,3,2.312,173
example_hits,例证标记数,9.0,0.0,1.0,2.0,1.286,168
implication_count,推论/回扣标记数,6.0,0,0,0,0.127,165
implication_count,推论/回扣标记数,6.5,0.0,0.0,0.0,0.112,170
implication_count,推论/回扣标记数,7.0,0.0,0.0,0.0,0.042,168
implication_count,推论/回扣标记数,7.5,0,0,0,0.087,173
implication_count,推论/回扣标记数,8.0,0,0,0,0.065,169
implication_count,推论/回扣标记数,8.5,0,0,0,0.127,173
implication_count,推论/回扣标记数,9.0,0.0,0.0,0.0,0.101,168
specific_example_count,具体例证数,6.0,0,0,1,0.533,165
specific_example_count,具体例证数,6.5,0.0,0.0,1.0,0.388,170
specific_example_count,具体例证数,7.0,0.0,0.0,1.0,0.393,168
specific_example_count,具体例证数,7.5,0,0,0,0.26,173
specific_example_count,具体例证数,8.0,0,0,0,0.302,169
specific_example_count,具体例证数,8.5,0,1,2,0.884,173
specific_example_count,具体例证数,9.0,0.0,0.0,1.0,0.387,168
proper_noun_count,专有名词数,6.0,0,0,3,1.539,165
proper_noun_count,专有名词数,6.5,0.0,0.0,1.0,1.1,170
proper_noun_count,专有名词数,7.0,0.0,0.0,2.0,1.315,168
proper_noun_count,专有名词数,7.5,0,0,1,0.821,173
proper_noun_count,专有名词数,8.0,0,0,1,1.047,169
proper_noun_count,专有名词数,8.5,0,2,4,2.584,173
proper_noun_count,专有名词数,9.0,0.0,0.0,2.0,1.708,168
numeric_count,数字/数据点数,6.0,0,0,0,0.473,165
numeric_count,数字/数据点数,6.5,0.0,0.0,0.0,0.206,170
numeric_count,数字/数据点数,7.0,0.0,0.0,0.0,0.238,168
numeric_count,数字/数据点数,7.5,0,0,0,0.11,173
numeric_count,数字/数据点数,8.0,0,0,0,0.178,169
numeric_count,数字/数据点数,8.5,0,0,1,0.566,173
numeric_count,数字/数据点数,9.0,0.0,0.0,0.0,0.345,168
template_hits,模板句命中数,6.0,0,0,0,0.212,165
template_hits,模板句命中数,6.5,0.0,0.0,0.0,0.247,170
template_hits,模板句命中数,7.0,0.0,0.0,0.0,0.161,168
template_hits,模板句命中数,7.5,0,0,0,0.162,173
template_hits,模板句命中数,8.0,0,0,0,0.13,169
template_hits,模板句命中数,8.5,0,0,0,0.191,173
template_hits,模板句命中数,9.0,0.0,0.0,0.0,0.101,168
people_count,people 出现次数,6.0,1,2,4,2.794,165
people_count,people 出现次数,6.5,1.0,3.0,5.0,3.612,170
people_count,people 出现次数,7.0,1.0,2.0,4.0,2.446,168
people_count,people 出现次数,7.5,0,2,3,2.023,173
people_count,people 出现次数,8.0,1,2,3,2.136,169
people_count,people 出现次数,8.5,1,2,3,1.78,173
people_count,people 出现次数,9.0,0.0,2.0,3.0,2,168
colloc_density,主题词伙密度(/100词),6.0,0.0,0.0,0.637,0.485,165
colloc_density,主题词伙密度(/100词),6.5,0.0,0.112,0.723,0.498,170
colloc_density,主题词伙密度(/100词),7.0,0.0,0.29,0.737,0.56,168
colloc_density,主题词伙密度(/100词),7.5,0.0,0.0,0.388,0.352,173
colloc_density,主题词伙密度(/100词),8.0,0.0,0.388,1.024,0.746,169
colloc_density,主题词伙密度(/100词),8.5,0.0,0.332,0.733,0.504,173
colloc_density,主题词伙密度(/100词),9.0,0.0,0.0,0.539,0.45,168
